iter	R2	RMSE
0	0.01494388837	1.42051078
