iter	R2	RMSE
0	0.01494387891	3.220268157
500	0.9994791926	0.07404575892
